{"text": " \u0410 \u0432\u043e\u0442 \u0442\u0435\u043f\u0435\u0440\u044c \u043d\u0430\u043c \u0432\u0430\u0436\u043d\u043e \u0441\u0435\u0439\u0447\u0430\u0441 \u043d\u0430 \u044d\u0442\u043e\u043c \u044d\u0442\u0430\u043f\u0435 \u0443\u043b\u0443\u0447\u0448\u0438\u0442\u044c \u0442\u0435\u0431\u044f, \u0434\u0430? \u0410 \u0432\u043e\u0442 \u0441\u0430\u043c\u0430 \u0440\u0435\u0444\u0438\u043a\u0441\u0438\u044f \u0438 \u043f\u0440\u043e\u0432\u0435\u0434\u0438\u0439. \u0427\u0442\u043e \u0442\u044b \u0434\u043e\u043b\u0436\u0435\u043d \u0431\u044b\u043b \u0441\u0434\u0435\u043b\u0430\u0442\u044c \u0441\u0435\u0439\u0447\u0430\u0441, \u0447\u0442\u043e\u0431\u044b \u044f \u0442\u0435\u0431\u0435 \u043d\u0435 \u043f\u043e\u0434\u0441\u043a\u0430\u0437\u044b\u0432\u0430\u043b, \u0438 \u043c\u044b \u0438\u0445 \u0441\u0440\u0430\u0437\u0443 \u043f\u043e\u043b\u0443\u0447\u0438\u043b\u0438 \u0440\u0435\u0437\u0443\u043b\u044c\u0442\u0430\u0442.", "segments": [{"id": 0, "seek": 0, "start": 0.0, "end": 6.0, "text": " \u0410 \u0432\u043e\u0442 \u0442\u0435\u043f\u0435\u0440\u044c \u043d\u0430\u043c \u0432\u0430\u0436\u043d\u043e \u0441\u0435\u0439\u0447\u0430\u0441 \u043d\u0430 \u044d\u0442\u043e\u043c \u044d\u0442\u0430\u043f\u0435 \u0443\u043b\u0443\u0447\u0448\u0438\u0442\u044c \u0442\u0435\u0431\u044f, \u0434\u0430?", "tokens": [50364, 3450, 5505, 16983, 11401, 38851, 10241, 1470, 10755, 4030, 4219, 387, 1595, 41497, 1198, 3258, 12644, 11, 8995, 30, 50664], "temperature": 0.0, "avg_logprob": -0.3335358500480652, "compression_ratio": 1.6521739130434783, "no_speech_prob": 0.01457166112959385}, {"id": 1, "seek": 0, "start": 6.0, "end": 8.0, "text": " \u0410 \u0432\u043e\u0442 \u0441\u0430\u043c\u0430 \u0440\u0435\u0444\u0438\u043a\u0441\u0438\u044f \u0438 \u043f\u0440\u043e\u0432\u0435\u0434\u0438\u0439.", "tokens": [50664, 3450, 5505, 40517, 15492, 3619, 36326, 7409, 1006, 13422, 2229, 6251, 13, 50764], "temperature": 0.0, "avg_logprob": -0.3335358500480652, "compression_ratio": 1.6521739130434783, "no_speech_prob": 0.01457166112959385}, {"id": 2, "seek": 0, "start": 8.0, "end": 12.0, "text": " \u0427\u0442\u043e \u0442\u044b \u0434\u043e\u043b\u0436\u0435\u043d \u0431\u044b\u043b \u0441\u0434\u0435\u043b\u0430\u0442\u044c \u0441\u0435\u0439\u0447\u0430\u0441, \u0447\u0442\u043e\u0431\u044b \u044f \u0442\u0435\u0431\u0435 \u043d\u0435 \u043f\u043e\u0434\u0441\u043a\u0430\u0437\u044b\u0432\u0430\u043b,", "tokens": [50764, 13169, 5991, 25718, 10059, 18695, 10241, 11, 7887, 2552, 14656, 1725, 4095, 4218, 10442, 1218, 11, 50964], "temperature": 0.0, "avg_logprob": -0.3335358500480652, "compression_ratio": 1.6521739130434783, "no_speech_prob": 0.01457166112959385}, {"id": 3, "seek": 0, "start": 12.0, "end": 14.0, "text": " \u0438 \u043c\u044b \u0438\u0445 \u0441\u0440\u0430\u0437\u0443 \u043f\u043e\u043b\u0443\u0447\u0438\u043b\u0438 \u0440\u0435\u0437\u0443\u043b\u044c\u0442\u0430\u0442.", "tokens": [50964, 1006, 4777, 9642, 22014, 9478, 5435, 28476, 13, 51064], "temperature": 0.0, "avg_logprob": -0.3335358500480652, "compression_ratio": 1.6521739130434783, "no_speech_prob": 0.01457166112959385}], "language": "Russian"}