{"text": " \u0421\u043b\u0443\u0448\u0430\u0439, \u0430 \u0434\u0430\u0432\u0430\u0439 \u0441\u0445\u043e\u0434\u044f \u0438\u0437 \u044d\u0442\u043e\u0433\u043e, \u043f\u0440\u043e\u0434\u0443\u043c\u0430\u0435\u043c, \u043a\u0430\u043a \u043c\u044b \u043c\u043e\u0436\u0435\u043c \u044d\u0442\u0438 \u0438\u043d\u0441\u0442\u0440\u0443\u043c\u0435\u043d\u0442\u044b \u0438\u0441\u043f\u043e\u043b\u044c\u0437\u043e\u0432\u0430\u0442\u044c \u0432 \u043d\u0430\u0448\u0435\u0439 \u0441 \u0442\u043e\u0431\u043e\u0439 \u0430\u0432\u0442\u043e\u043c\u0430\u0442\u0438\u0437\u0430\u0446\u0438\u0438, \u043c\u043e\u0436\u0435\u0442 \u0431\u044b\u0442\u044c \u043a\u0430\u043a\u0438\u0435-\u0442\u043e \u043f\u0440\u0438\u0434\u0443\u043c\u0430\u0435\u043c \u0441 \u0442\u043e\u0431\u043e\u0439 \u043d\u0430\u043f\u043e\u043c\u0438\u043d\u0430\u043d\u0438\u044f, \u0441\u043a\u0438\u043b\u043b\u044b \u0438\u043b\u0438 \u0435\u0449\u0435 \u0447\u0442\u043e-\u0442\u043e, \u043a\u0430\u043a\u0438\u0435 \u0443 \u0442\u0435\u0431\u044f \u0435\u0441\u0442\u044c \u0438\u0434\u0435\u0438.", "segments": [{"id": 0, "seek": 0, "start": 0.0, "end": 5.0, "text": " \u0421\u043b\u0443\u0448\u0430\u0439, \u0430 \u0434\u0430\u0432\u0430\u0439 \u0441\u0445\u043e\u0434\u044f \u0438\u0437 \u044d\u0442\u043e\u0433\u043e, \u043f\u0440\u043e\u0434\u0443\u043c\u0430\u0435\u043c, \u043a\u0430\u043a \u043c\u044b \u043c\u043e\u0436\u0435\u043c \u044d\u0442\u0438 \u0438\u043d\u0441\u0442\u0440\u0443\u043c\u0435\u043d\u0442\u044b \u0438\u0441\u043f\u043e\u043b\u044c\u0437\u043e\u0432\u0430\u0442\u044c", "tokens": [50364, 2933, 43689, 11, 2559, 28869, 776, 5280, 681, 3943, 10751, 11, 11354, 5525, 7906, 11, 3014, 4777, 28815, 11012, 44572, 698, 33728, 50614], "temperature": 0.0, "avg_logprob": -0.29772252621858014, "compression_ratio": 1.819905213270142, "no_speech_prob": 0.01149460393935442}, {"id": 1, "seek": 0, "start": 5.0, "end": 10.0, "text": " \u0432 \u043d\u0430\u0448\u0435\u0439 \u0441 \u0442\u043e\u0431\u043e\u0439 \u0430\u0432\u0442\u043e\u043c\u0430\u0442\u0438\u0437\u0430\u0446\u0438\u0438, \u043c\u043e\u0436\u0435\u0442 \u0431\u044b\u0442\u044c \u043a\u0430\u043a\u0438\u0435-\u0442\u043e \u043f\u0440\u0438\u0434\u0443\u043c\u0430\u0435\u043c \u0441 \u0442\u043e\u0431\u043e\u0439 \u043d\u0430\u043f\u043e\u043c\u0438\u043d\u0430\u043d\u0438\u044f,", "tokens": [50614, 740, 34670, 776, 38068, 27669, 2134, 5572, 16715, 11, 8689, 11510, 19971, 12, 860, 45234, 7906, 776, 38068, 9011, 1253, 2599, 8831, 11, 50864], "temperature": 0.0, "avg_logprob": -0.29772252621858014, "compression_ratio": 1.819905213270142, "no_speech_prob": 0.01149460393935442}, {"id": 2, "seek": 0, "start": 10.0, "end": 14.0, "text": " \u0441\u043a\u0438\u043b\u043b\u044b \u0438\u043b\u0438 \u0435\u0449\u0435 \u0447\u0442\u043e-\u0442\u043e, \u043a\u0430\u043a\u0438\u0435 \u0443 \u0442\u0435\u0431\u044f \u0435\u0441\u0442\u044c \u0438\u0434\u0435\u0438.", "tokens": [50864, 776, 2241, 693, 30975, 8101, 9910, 2143, 12, 860, 11, 19971, 1595, 12644, 5640, 26547, 435, 13, 51064], "temperature": 0.0, "avg_logprob": -0.29772252621858014, "compression_ratio": 1.819905213270142, "no_speech_prob": 0.01149460393935442}], "language": "Russian"}