{"text": " \u0421\u043b\u0443\u0448\u0430\u0439, \u0430 \u043d\u0430 \u043a\u0430\u043a\u043e\u0439 \u043d\u0435\u0439\u0440\u043e\u0441\u0435\u0442\u0438 \u043c\u043e\u0434\u0435\u043b\u0438 \u0440\u0430\u0431\u043e\u0442\u0430\u0435\u0442 \u0441\u043a\u0438\u043b\u043b \u0434\u043b\u044f \u0441\u043e\u0437\u0434\u0430\u043d\u0438\u044f \u043f\u0440\u0435\u0437\u0435\u043d\u0442\u0430\u0446\u0438\u0438 \u0447\u0435\u0440\u0435\u0437 \u0441\u043b\u0430\u0439\u0434\u0435\u0432?", "segments": [{"id": 0, "seek": 0, "start": 0.0, "end": 6.92, "text": " \u0421\u043b\u0443\u0448\u0430\u0439, \u0430 \u043d\u0430 \u043a\u0430\u043a\u043e\u0439 \u043d\u0435\u0439\u0440\u043e\u0441\u0435\u0442\u0438 \u043c\u043e\u0434\u0435\u043b\u0438 \u0440\u0430\u0431\u043e\u0442\u0430\u0435\u0442 \u0441\u043a\u0438\u043b\u043b \u0434\u043b\u044f \u0441\u043e\u0437\u0434\u0430\u043d\u0438\u044f \u043f\u0440\u0435\u0437\u0435\u043d\u0442\u0430\u0446\u0438\u0438 \u0447\u0435\u0440\u0435\u0437 \u0441\u043b\u0430\u0439\u0434\u0435\u0432?", "tokens": [50365, 2933, 43689, 11, 2559, 1470, 16898, 23227, 9225, 42378, 24104, 8334, 30162, 776, 2241, 693, 693, 5561, 20247, 8831, 39838, 5243, 16715, 17341, 4766, 3183, 856, 3515, 30, 50711], "temperature": 0.0, "avg_logprob": -0.07042607184379332, "compression_ratio": 1.3833333333333333, "no_speech_prob": 5.2912886745748455e-12}], "language": "Russian"}